time/iterations,rollout/ep_rew_mean,rollout/ep_len_mean,time/total_timesteps,time/fps,time/time_elapsed,train/clip_fraction,train/clip_range,train/entropy_loss,train/policy_gradient_loss,train/explained_variance,train/learning_rate,train/approx_kl,train/loss,train/n_updates,train/value_loss
1,-7.899659312500001,8.0,128,1035,0,,,,,,,,,,
2,-7.904215000000001,8.0,256,949,0,0.0,0.2,-1.0956288278102875,-0.008545012306421995,-77.48709869384766,0.0003,0.00915817,-0.002124046441167593,10,0.039221214479766786
3,-7.902598208333333,8.0,384,927,0,0.0,0.2,-1.0804638266563416,-0.0063906893599778416,-59.289676666259766,0.0003,0.0059563816,-0.017610911279916763,20,0.005958042840939015
4,-7.902365859374999,8.0,512,885,0,0.0796875,0.2,-1.062431764602661,-0.011499569052830338,-21.614904403686523,0.0003,0.014357794,-0.0032099003437906504,30,0.0014523295976687223
5,-7.902481862499999,8.0,640,878,0,0.059375,0.2,-1.0227058172225951,-0.021929930872283877,-3.8938674926757812,0.0003,0.016735908,-0.040282219648361206,40,0.00033307583144051025
6,-7.899491218750001,8.0,768,871,0,0.13984375,0.2,-0.911104080080986,-0.0463280476629734,-0.27100300788879395,0.0003,0.032394756,-0.07140123844146729,50,0.00010600861278362573
7,-7.896859119999999,8.0,896,862,1,0.0421875,0.2,-0.779470956325531,-0.02258825341705233,0.07507359981536865,0.0003,0.010912655,-0.03999115899205208,60,8.548919286113232e-05
8,-7.890390830000001,8.0,1024,847,1,0.03125,0.2,-0.7095019519329071,-0.02005327041260898,0.05549430847167969,0.0003,0.004697916,-0.03650996834039688,70,8.567495278839487e-05
9,-7.886408360000001,8.0,1152,844,1,0.07109375,0.2,-0.7148009926080704,-0.017077462747693062,0.184176504611969,0.0003,0.0069056195,-0.034690577536821365,80,6.641705931542674e-05
10,-7.8824525099999985,8.0,1280,844,1,0.01015625,0.2,-0.7086026310920716,-0.015580224292352795,0.26585179567337036,0.0003,0.0021989832,-0.041755497455596924,90,6.232301639101934e-05
11,-7.87583272,8.0,1408,851,1,0.00625,0.2,-0.7286076039075852,-0.021839789021760224,0.1437174677848816,0.0003,0.004152462,-0.044557757675647736,100,7.402622541121672e-05
12,-7.872556040000001,8.0,1536,861,1,0.103125,0.2,-0.7400277972221374,-0.03338773641735315,0.07884663343429565,0.0003,0.016743572,-0.052732475101947784,110,7.225803965411614e-05
13,-7.86704643,8.0,1664,862,1,0.0171875,0.2,-0.7391915738582611,-0.028515540529042482,-0.1625117063522339,0.0003,0.005518169,-0.0711614117026329,120,9.805244517337996e-05
14,-7.863665670000001,8.0,1792,866,2,0.1109375,0.2,-0.7203195303678512,-0.03964373096823692,0.023438096046447754,0.0003,0.010900939,-0.08146058768033981,130,8.083173925115261e-05
15,-7.85929898,8.0,1920,857,2,0.0171875,0.2,-0.6889119744300842,-0.04222140489146113,-0.05078387260437012,0.0003,0.0041869506,-0.08553458005189896,140,7.222439562610816e-05
16,-7.8549891,8.0,2048,859,2,0.01875,0.2,-0.6631237089633941,-0.03912007054314017,-0.0071822404861450195,0.0003,0.0039713755,-0.07416138797998428,150,7.171514625952114e-05
17,-7.85191878,8.0,2176,838,2,0.0203125,0.2,-0.6098814129829406,-0.04447681335732341,-0.025091171264648438,0.0003,0.0060478672,-0.08822576701641083,160,7.631741646036971e-05
18,-7.844718780000002,8.0,2304,836,2,0.0359375,0.2,-0.5567552477121354,-0.041276792716234925,-0.01399528980255127,0.0003,0.0051439255,-0.08044863492250443,170,6.753205379936845e-05
19,-7.840332620000001,8.0,2432,840,2,0.03203125,0.2,-0.5053072556853294,-0.03215154632925987,-0.013563394546508789,0.0003,0.003263178,-0.054347459226846695,180,5.3154750094108746e-05
20,-7.8370831,8.0,2560,839,3,0.009375,0.2,-0.460536228120327,-0.02100244159810245,-0.03391456604003906,0.0003,0.002584817,-0.02934219501912594,190,4.8848693950276356e-05
21,-7.833009530000001,8.0,2688,840,3,0.02421875,0.2,-0.4152611345052719,-0.023769115190953018,-0.015541791915893555,0.0003,0.0021324828,-0.04090918228030205,200,4.928028793074191e-05
22,-7.827894169999999,8.0,2816,845,3,0.028125,0.2,-0.3783563658595085,-0.020702106738463046,-0.0018618106842041016,0.0003,0.0018073538,-0.048727020621299744,210,4.489063139772043e-05
23,-7.8244703499999995,8.0,2944,845,3,0.01171875,0.2,-0.34837726652622225,-0.013504312466830015,0.009467244148254395,0.0003,0.0011038323,-0.022699648514389992,220,3.4453362513886535e-05
24,-7.82299458,8.0,3072,845,3,0.01796875,0.2,-0.3233934447169304,-0.013171420246362687,0.013347446918487549,0.0003,0.0010348497,-0.022235579788684845,230,3.35440379785723e-05
25,-7.82126258,8.0,3200,848,3,0.00625,0.2,-0.29912939071655276,-0.014477855153381824,0.022770345211029053,0.0003,0.0017692924,-0.035575587302446365,240,3.4956797298946186e-05
26,-7.81949357,8.0,3328,849,3,0.01484375,0.2,-0.27288654521107675,-0.01082265404984355,0.038054704666137695,0.0003,0.0014371284,-0.030385643243789673,250,3.221489478164585e-05
27,-7.81756505,8.0,3456,848,4,0.0,0.2,-0.25496362149715424,-0.004156081564724445,0.05694693326950073,0.0003,0.00035094086,-0.021419139578938484,260,2.5720264602568932e-05
28,-7.81691444,8.0,3584,850,4,0.0015625,0.2,-0.2400271400809288,-0.006596990115940571,0.06644630432128906,0.0003,0.0012125112,-0.028028516098856926,270,2.71864703790925e-05
29,-7.816342400000001,8.0,3712,848,4,0.03828125,0.2,-0.22808687314391135,-0.005965353921055794,0.08047503232955933,0.0003,0.0003285056,-0.005087969359010458,280,2.7388993385102366e-05
30,-7.815378249999998,8.0,3840,846,4,0.00078125,0.2,-0.2226193480193615,-0.0036191776860505344,0.09904533624649048,0.0003,0.00044429177,-0.016305871307849884,290,2.412102721791598e-05
31,-7.81514206,8.0,3968,842,4,0.03203125,0.2,-0.21813999712467194,-0.009969585202634334,0.10742861032485962,0.0003,0.0013035791,-0.018192889168858528,300,2.326400572201237e-05
32,-7.815123469999998,8.0,4096,839,4,0.01328125,0.2,-0.21113133579492568,-0.006808365695178509,0.11936450004577637,0.0003,0.0004358508,-0.005915230140089989,310,2.5457791434746468e-05
33,-7.81484792,8.0,4224,828,5,0.0015625,0.2,-0.19801828637719154,-0.006457349844276905,0.13283103704452515,0.0003,0.00087004487,-0.02383587881922722,320,2.2690429068461528e-05
34,-7.814219980000001,8.0,4352,827,5,0.0484375,0.2,-0.18755793198943138,-0.005910905683413148,0.16555118560791016,0.0003,0.012508104,-0.011447252705693245,330,2.016799553530291e-05
35,-7.8138473,8.0,4480,827,5,0.03515625,0.2,-0.1851793982088566,-0.012691939948126674,0.17825114727020264,0.0003,0.0025801582,-0.012364043854176998,340,1.9713842084456702e-05
36,-7.81372923,8.0,4608,831,5,0.0140625,0.2,-0.18466544151306152,-0.002579824300482869,0.21899867057800293,0.0003,0.0011603251,-0.023020869120955467,350,1.6248540214292005e-05
37,-7.813787039999999,8.0,4736,835,5,0.0546875,0.2,-0.18640372306108474,-0.006442213337868452,0.2266044020652771,0.0003,0.006892694,-0.0354173444211483,360,1.702647828096815e-05
38,-7.81366895,8.0,4864,835,5,0.10390625,0.2,-0.18623340502381325,-0.013878373242914677,0.18183839321136475,0.0003,0.011433823,-0.003545336425304413,370,2.5516039659123636e-05
39,-7.813629570000001,8.0,4992,837,5,0.05625,0.2,-0.18495104983448982,-0.008727147476747632,0.21390020847320557,0.0003,0.0020180035,-0.021470382809638977,380,2.1283455862430855e-05
40,-7.81319659,8.0,5120,839,6,0.02734375,0.2,-0.1809276595711708,-0.005793872359208763,0.2724936008453369,0.0003,0.00088805263,-0.0005189676303416491,390,1.6170694107131566e-05
41,-7.81355086,8.0,5248,841,6,0.0859375,0.2,-0.18086100593209267,-0.019204253889620305,0.28643161058425903,0.0003,0.015566132,-0.024442041292786598,400,1.5488072040170665e-05
42,-7.81382637,8.0,5376,837,6,0.01875,0.2,-0.18149999305605888,-0.005216210661455989,0.25946325063705444,0.0003,0.00037515,-0.0026070706080645323,410,1.9494845719236765e-05
43,-7.81337496,8.0,5504,837,6,0.034375,0.2,-0.17848343178629875,-0.004090157989412546,0.2979302406311035,0.0003,0.0017156644,-0.010478957556188107,420,1.885116562334588e-05
44,-7.813020689999999,8.0,5632,837,6,0.07109375,0.2,-0.17733110561966897,-0.013921612873673439,0.3537623882293701,0.0003,0.0023282948,-0.012605211697518826,430,1.3679916446562856e-05
45,-7.812981329999999,8.0,5760,835,6,0.03203125,0.2,-0.17662781998515129,-0.007365278340876103,0.3108904957771301,0.0003,0.0015020274,-0.005651706829667091,440,1.821078494685935e-05
46,-7.8131781500000015,8.0,5888,836,7,0.01328125,0.2,-0.17409303784370422,-0.005994522827677429,0.3553272485733032,0.0003,0.0005952041,-0.0010918101761490107,450,1.4282459869718877e-05
47,-7.81337497,8.0,6016,836,7,0.0203125,0.2,-0.17340983375906943,-0.0027432548347860576,0.34754109382629395,0.0003,0.0015902221,-0.013396416790783405,460,1.6248588372036467e-05
48,-7.8132962500000005,8.0,6144,835,7,0.00625,0.2,-0.16812461689114572,-0.005968564422801137,0.29269087314605713,0.0003,0.0004695679,0.0022587378043681383,470,1.9050446553592337e-05
49,-7.81372923,8.0,6272,830,7,0.01796875,0.2,-0.159438806027174,-0.004062080383300781,0.36656028032302856,0.0003,0.00038727402,-0.010550101287662983,480,1.5558593440800904e-05
50,-7.813807950000003,8.0,6400,825,7,0.0265625,0.2,-0.1534742571413517,-0.01102752152364701,0.3545576333999634,0.0003,0.0005073422,-0.008952328935265541,490,1.663130101405841e-05
51,-7.813886670000001,8.0,6528,815,8,0.0,0.2,-0.14761726036667824,-0.004352430813014507,0.3917567729949951,0.0003,0.00067700853,-0.004017990548163652,500,1.5435207069458555e-05
52,-7.81402315,8.0,6656,813,8,0.03046875,0.2,-0.13922191597521305,-0.007666846551001072,0.40995538234710693,0.0003,0.0007534112,-0.025863569229841232,510,1.4155679082250572e-05
53,-7.814062500000001,8.0,6784,813,8,0.01953125,0.2,-0.1333313513547182,-0.007394429692067206,0.3794670104980469,0.0003,0.0006373493,-0.022885071113705635,520,1.7075262985599692e-05
54,-7.81347207,8.0,6912,810,8,0.0109375,0.2,-0.12642496898770333,-0.0045490181539207695,0.4102894067764282,0.0003,0.00057908904,-0.00872726645320654,530,1.4151047753330204e-05
55,-7.812999730000001,8.0,7040,810,8,0.02734375,0.2,-0.1229290883988142,-0.0065602856455370786,0.4787192940711975,0.0003,0.007874824,0.0056977709755301476,540,1.1085672304034233e-05
56,-7.813235909999999,8.0,7168,809,8,0.05703125,0.2,-0.12381460256874562,-0.011991215124726295,0.49359774589538574,0.0003,0.026505157,-0.01858413591980934,550,1.0504067222427694e-05
57,-7.81292102,8.0,7296,810,9,0.0265625,0.2,-0.12723431885242462,-0.008945093117654323,0.3755088448524475,0.0003,0.0011435349,-0.01865093782544136,560,1.6496725265824352e-05
58,-7.812548339999999,8.0,7424,809,9,0.0125,0.2,-0.1232711173593998,-0.004868837655521929,0.517436146736145,0.0003,0.0007438009,-0.010309266857802868,570,1.0543798316575703e-05
59,-7.812666420000003,8.0,7552,809,9,0.1125,0.2,-0.12432306669652463,-0.027269979193806648,0.5144323110580444,0.0003,0.058481522,-0.0626283660531044,580,1.1327867969157524e-05
60,-7.81250897,8.0,7680,809,9,0.06796875,0.2,-0.12969792671501637,-0.016751941107213498,0.49783170223236084,0.0003,0.0011449317,-0.019098719581961632,590,1.2932293429912534e-05
61,-7.8128632300000005,8.0,7808,809,9,0.0734375,0.2,-0.1329068597406149,-0.010218106210231781,0.5657646059989929,0.0003,0.0016890864,-0.028759997338056564,600,8.932707305575605e-06
62,-7.81250896,8.0,7936,806,9,0.040625,0.2,-0.13120486550033092,-0.010097001469694078,0.5098816156387329,0.0003,0.0010877727,-0.022099493071436882,610,1.2151691726103308e-05
63,-7.812981320000001,8.0,8064,805,10,0.0359375,0.2,-0.12699528262019158,-0.011439952300861478,0.5413759350776672,0.0003,0.0015364764,-0.0011196236591786146,620,1.1016330563506927e-05
64,-7.812902610000001,8.0,8192,805,10,0.0484375,0.2,-0.12239990793168545,-0.003920487873256206,0.5050277709960938,0.0003,0.00016470804,-0.008402294479310513,630,1.3355117835089913e-05
