time/fps,time/total_timesteps,rollout/ep_len_mean,time/time_elapsed,rollout/ep_rew_mean,time/iterations,train/clip_range,train/value_loss,train/clip_fraction,train/learning_rate,train/loss,train/entropy_loss,train/n_updates,train/policy_gradient_loss,train/explained_variance,train/approx_kl
1768,128,8.0,0,-7.899659312500001,1,,,,,,,,,,
1212,256,8.0,0,-7.904215000000001,2,0.2,0.039221214479766786,0.0,0.0003,-0.002124046441167593,-1.0956288278102875,10,-0.008545012306421995,-77.48709869384766,0.00915817
1153,384,8.0,0,-7.902598208333333,3,0.2,0.005958042840939015,0.0,0.0003,-0.017610911279916763,-1.0804638266563416,20,-0.0063906893599778416,-59.289676666259766,0.0059563816
1090,512,8.0,0,-7.902365859374999,4,0.2,0.0014523295976687223,0.0796875,0.0003,-0.0032099003437906504,-1.062431764602661,30,-0.011499569052830338,-21.614904403686523,0.014357794
1060,640,8.0,0,-7.902481862499999,5,0.2,0.00033307583144051025,0.059375,0.0003,-0.040282219648361206,-1.0227058172225951,40,-0.021929930872283877,-3.8938674926757812,0.016735908
1043,768,8.0,0,-7.899491218750001,6,0.2,0.00010600861278362573,0.13984375,0.0003,-0.07140123844146729,-0.911104080080986,50,-0.0463280476629734,-0.27100300788879395,0.032394756
1022,896,8.0,0,-7.896859119999999,7,0.2,8.548919286113232e-05,0.0421875,0.0003,-0.03999115899205208,-0.779470956325531,60,-0.02258825341705233,0.07507359981536865,0.010912655
1011,1024,8.0,1,-7.890390830000001,8,0.2,8.567495278839487e-05,0.03125,0.0003,-0.03650996834039688,-0.7095019519329071,70,-0.02005327041260898,0.05549430847167969,0.004697916
1006,1152,8.0,1,-7.886408360000001,9,0.2,6.641705931542674e-05,0.07109375,0.0003,-0.034690577536821365,-0.7148009926080704,80,-0.017077462747693062,0.184176504611969,0.0069056195
1000,1280,8.0,1,-7.8824525099999985,10,0.2,6.232301639101934e-05,0.01015625,0.0003,-0.041755497455596924,-0.7086026310920716,90,-0.015580224292352795,0.26585179567337036,0.0021989832
1009,1408,8.0,1,-7.87583272,11,0.2,7.402622541121672e-05,0.00625,0.0003,-0.044557757675647736,-0.7286076039075852,100,-0.021839789021760224,0.1437174677848816,0.004152462
1013,1536,8.0,1,-7.872556040000001,12,0.2,7.225803965411614e-05,0.103125,0.0003,-0.052732475101947784,-0.7400277972221374,110,-0.03338773641735315,0.07884663343429565,0.016743572
1011,1664,8.0,1,-7.86704643,13,0.2,9.805244517337996e-05,0.0171875,0.0003,-0.0711614117026329,-0.7391915738582611,120,-0.028515540529042482,-0.1625117063522339,0.005518169
1008,1792,8.0,1,-7.863665670000001,14,0.2,8.083173925115261e-05,0.1109375,0.0003,-0.08146058768033981,-0.7203195303678512,130,-0.03964373096823692,0.023438096046447754,0.010900939
1005,1920,8.0,1,-7.85929898,15,0.2,7.222439562610816e-05,0.0171875,0.0003,-0.08553458005189896,-0.6889119744300842,140,-0.04222140489146113,-0.05078387260437012,0.0041869506
1010,2048,8.0,2,-7.8549891,16,0.2,7.171514625952114e-05,0.01875,0.0003,-0.07416138797998428,-0.6631237089633941,150,-0.03912007054314017,-0.0071822404861450195,0.0039713755
981,2176,8.0,2,-7.85191878,17,0.2,7.631741646036971e-05,0.0203125,0.0003,-0.08822576701641083,-0.6098814129829406,160,-0.04447681335732341,-0.025091171264648438,0.0060478672
984,2304,8.0,2,-7.844718780000002,18,0.2,6.753205379936845e-05,0.0359375,0.0003,-0.08044863492250443,-0.5567552477121354,170,-0.041276792716234925,-0.01399528980255127,0.0051439255
984,2432,8.0,2,-7.840332620000001,19,0.2,5.3154750094108746e-05,0.03203125,0.0003,-0.054347459226846695,-0.5053072556853294,180,-0.03215154632925987,-0.013563394546508789,0.003263178
985,2560,8.0,2,-7.8370831,20,0.2,4.8848693950276356e-05,0.009375,0.0003,-0.02934219501912594,-0.460536228120327,190,-0.02100244159810245,-0.03391456604003906,0.002584817
986,2688,8.0,2,-7.833009530000001,21,0.2,4.928028793074191e-05,0.02421875,0.0003,-0.04090918228030205,-0.4152611345052719,200,-0.023769115190953018,-0.015541791915893555,0.0021324828
983,2816,8.0,2,-7.827894169999999,22,0.2,4.489063139772043e-05,0.028125,0.0003,-0.048727020621299744,-0.3783563658595085,210,-0.020702106738463046,-0.0018618106842041016,0.0018073538
977,2944,8.0,3,-7.8244703499999995,23,0.2,3.4453362513886535e-05,0.01171875,0.0003,-0.022699648514389992,-0.34837726652622225,220,-0.013504312466830015,0.009467244148254395,0.0011038323
972,3072,8.0,3,-7.82299458,24,0.2,3.35440379785723e-05,0.01796875,0.0003,-0.022235579788684845,-0.3233934447169304,230,-0.013171420246362687,0.013347446918487549,0.0010348497
969,3200,8.0,3,-7.82126258,25,0.2,3.4956797298946186e-05,0.00625,0.0003,-0.035575587302446365,-0.29912939071655276,240,-0.014477855153381824,0.022770345211029053,0.0017692924
970,3328,8.0,3,-7.81949357,26,0.2,3.221489478164585e-05,0.01484375,0.0003,-0.030385643243789673,-0.27288654521107675,250,-0.01082265404984355,0.038054704666137695,0.0014371284
971,3456,8.0,3,-7.81756505,27,0.2,2.5720264602568932e-05,0.0,0.0003,-0.021419139578938484,-0.25496362149715424,260,-0.004156081564724445,0.05694693326950073,0.00035094086
970,3584,8.0,3,-7.81691444,28,0.2,2.71864703790925e-05,0.0015625,0.0003,-0.028028516098856926,-0.2400271400809288,270,-0.006596990115940571,0.06644630432128906,0.0012125112
970,3712,8.0,3,-7.816342400000001,29,0.2,2.7388993385102366e-05,0.03828125,0.0003,-0.005087969359010458,-0.22808687314391135,280,-0.005965353921055794,0.08047503232955933,0.0003285056
971,3840,8.0,3,-7.815378249999998,30,0.2,2.412102721791598e-05,0.00078125,0.0003,-0.016305871307849884,-0.2226193480193615,290,-0.0036191776860505344,0.09904533624649048,0.00044429177
970,3968,8.0,4,-7.81514206,31,0.2,2.326400572201237e-05,0.03203125,0.0003,-0.018192889168858528,-0.21813999712467194,300,-0.009969585202634334,0.10742861032485962,0.0013035791
969,4096,8.0,4,-7.815123469999998,32,0.2,2.5457791434746468e-05,0.01328125,0.0003,-0.005915230140089989,-0.21113133579492568,310,-0.006808365695178509,0.11936450004577637,0.0004358508
956,4224,8.0,4,-7.81484792,33,0.2,2.2690429068461528e-05,0.0015625,0.0003,-0.02383587881922722,-0.19801828637719154,320,-0.006457349844276905,0.13283103704452515,0.00087004487
958,4352,8.0,4,-7.814219980000001,34,0.2,2.016799553530291e-05,0.0484375,0.0003,-0.011447252705693245,-0.18755793198943138,330,-0.005910905683413148,0.16555118560791016,0.012508104
961,4480,8.0,4,-7.8138473,35,0.2,1.9713842084456702e-05,0.03515625,0.0003,-0.012364043854176998,-0.1851793982088566,340,-0.012691939948126674,0.17825114727020264,0.0025801582
963,4608,8.0,4,-7.81372923,36,0.2,1.6248540214292005e-05,0.0140625,0.0003,-0.023020869120955467,-0.18466544151306152,350,-0.002579824300482869,0.21899867057800293,0.0011603251
964,4736,8.0,4,-7.813787039999999,37,0.2,1.702647828096815e-05,0.0546875,0.0003,-0.0354173444211483,-0.18640372306108474,360,-0.006442213337868452,0.2266044020652771,0.006892694
966,4864,8.0,5,-7.81366895,38,0.2,2.5516039659123636e-05,0.10390625,0.0003,-0.003545336425304413,-0.18623340502381325,370,-0.013878373242914677,0.18183839321136475,0.011433823
967,4992,8.0,5,-7.813629570000001,39,0.2,2.1283455862430855e-05,0.05625,0.0003,-0.021470382809638977,-0.18495104983448982,380,-0.008727147476747632,0.21390020847320557,0.0020180035
969,5120,8.0,5,-7.81319659,40,0.2,1.6170694107131566e-05,0.02734375,0.0003,-0.0005189676303416491,-0.1809276595711708,390,-0.005793872359208763,0.2724936008453369,0.00088805263
971,5248,8.0,5,-7.81355086,41,0.2,1.5488072040170665e-05,0.0859375,0.0003,-0.024442041292786598,-0.18086100593209267,400,-0.019204253889620305,0.28643161058425903,0.015566132
974,5376,8.0,5,-7.81382637,42,0.2,1.9494845719236765e-05,0.01875,0.0003,-0.0026070706080645323,-0.18149999305605888,410,-0.005216210661455989,0.25946325063705444,0.00037515
974,5504,8.0,5,-7.81337496,43,0.2,1.885116562334588e-05,0.034375,0.0003,-0.010478957556188107,-0.17848343178629875,420,-0.004090157989412546,0.2979302406311035,0.0017156644
975,5632,8.0,5,-7.813020689999999,44,0.2,1.3679916446562856e-05,0.07109375,0.0003,-0.012605211697518826,-0.17733110561966897,430,-0.013921612873673439,0.3537623882293701,0.0023282948
977,5760,8.0,5,-7.812981329999999,45,0.2,1.821078494685935e-05,0.03203125,0.0003,-0.005651706829667091,-0.17662781998515129,440,-0.007365278340876103,0.3108904957771301,0.0015020274
978,5888,8.0,6,-7.8131781500000015,46,0.2,1.4282459869718877e-05,0.01328125,0.0003,-0.0010918101761490107,-0.17409303784370422,450,-0.005994522827677429,0.3553272485733032,0.0005952041
977,6016,8.0,6,-7.81337497,47,0.2,1.6248588372036467e-05,0.0203125,0.0003,-0.013396416790783405,-0.17340983375906943,460,-0.0027432548347860576,0.34754109382629395,0.0015902221
974,6144,8.0,6,-7.8132962500000005,48,0.2,1.9050446553592337e-05,0.00625,0.0003,0.0022587378043681383,-0.16812461689114572,470,-0.005968564422801137,0.29269087314605713,0.0004695679
964,6272,8.0,6,-7.81372923,49,0.2,1.5558593440800904e-05,0.01796875,0.0003,-0.010550101287662983,-0.159438806027174,480,-0.004062080383300781,0.36656028032302856,0.00038727402
959,6400,8.0,6,-7.813807950000003,50,0.2,1.663130101405841e-05,0.0265625,0.0003,-0.008952328935265541,-0.1534742571413517,490,-0.01102752152364701,0.3545576333999634,0.0005073422
955,6528,8.0,6,-7.813886670000001,51,0.2,1.5435207069458555e-05,0.0,0.0003,-0.004017990548163652,-0.14761726036667824,500,-0.004352430813014507,0.3917567729949951,0.00067700853
954,6656,8.0,6,-7.81402315,52,0.2,1.4155679082250572e-05,0.03046875,0.0003,-0.025863569229841232,-0.13922191597521305,510,-0.007666846551001072,0.40995538234710693,0.0007534112
954,6784,8.0,7,-7.814062500000001,53,0.2,1.7075262985599692e-05,0.01953125,0.0003,-0.022885071113705635,-0.1333313513547182,520,-0.007394429692067206,0.3794670104980469,0.0006373493
953,6912,8.0,7,-7.81347207,54,0.2,1.4151047753330204e-05,0.0109375,0.0003,-0.00872726645320654,-0.12642496898770333,530,-0.0045490181539207695,0.4102894067764282,0.00057908904
955,7040,8.0,7,-7.812999730000001,55,0.2,1.1085672304034233e-05,0.02734375,0.0003,0.0056977709755301476,-0.1229290883988142,540,-0.0065602856455370786,0.4787192940711975,0.007874824
953,7168,8.0,7,-7.813235909999999,56,0.2,1.0504067222427694e-05,0.05703125,0.0003,-0.01858413591980934,-0.12381460256874562,550,-0.011991215124726295,0.49359774589538574,0.026505157
953,7296,8.0,7,-7.81292102,57,0.2,1.6496725265824352e-05,0.0265625,0.0003,-0.01865093782544136,-0.12723431885242462,560,-0.008945093117654323,0.3755088448524475,0.0011435349
953,7424,8.0,7,-7.812548339999999,58,0.2,1.0543798316575703e-05,0.0125,0.0003,-0.010309266857802868,-0.1232711173593998,570,-0.004868837655521929,0.517436146736145,0.0007438009
955,7552,8.0,7,-7.812666420000003,59,0.2,1.1327867969157524e-05,0.1125,0.0003,-0.0626283660531044,-0.12432306669652463,580,-0.027269979193806648,0.5144323110580444,0.058481522
956,7680,8.0,8,-7.81250897,60,0.2,1.2932293429912534e-05,0.06796875,0.0003,-0.019098719581961632,-0.12969792671501637,590,-0.016751941107213498,0.49783170223236084,0.0011449317
958,7808,8.0,8,-7.8128632300000005,61,0.2,8.932707305575605e-06,0.0734375,0.0003,-0.028759997338056564,-0.1329068597406149,600,-0.010218106210231781,0.5657646059989929,0.0016890864
956,7936,8.0,8,-7.81250896,62,0.2,1.2151691726103308e-05,0.040625,0.0003,-0.022099493071436882,-0.13120486550033092,610,-0.010097001469694078,0.5098816156387329,0.0010877727
956,8064,8.0,8,-7.812981320000001,63,0.2,1.1016330563506927e-05,0.0359375,0.0003,-0.0011196236591786146,-0.12699528262019158,620,-0.011439952300861478,0.5413759350776672,0.0015364764
956,8192,8.0,8,-7.812902610000001,64,0.2,1.3355117835089913e-05,0.0484375,0.0003,-0.008402294479310513,-0.12239990793168545,630,-0.003920487873256206,0.5050277709960938,0.00016470804
