robot_id,time_s,x_mm,y_mm,z_mm,mode
1,0.0,-1000.0,-600.0,1000.0,T
1,10.061155224150179,-40.0,0.0,2.0,D
1,11.311155224150179,-30.0,0.0,2.0,T
1,21.414848718225613,-1000.0,-600.0,1000.0,W
1,130.81752456925398,-1000.0,-600.0,1000.0,T
1,141.1377398986182,20.0,0.0,2.0,D
1,142.3877398986182,30.0,0.0,2.0,T
1,152.75200328563977,-1000.0,-600.0,1000.0,W
2,0.0,1000.0,-600.0,1000.0,W
2,43.47789588084302,1000.0,-600.0,1000.0,T
2,53.79811121020725,-20.0,0.0,2.0,D
2,55.04811121020725,-10.0,0.0,2.0,T
2,65.32452217037337,1000.0,-600.0,1000.0,T
2,75.60093313053949,-10.0,0.0,2.0,D
2,76.85093313053949,0.0,0.0,2.0,T
2,87.08378653948114,1000.0,-600.0,1000.0,T
2,97.31663994842279,0.0,0.0,2.0,D
2,98.56663994842279,10.0,0.0,2.0,T
2,108.7561857893543,1000.0,-600.0,1000.0,W
3,0.0,0.0,1200.0,1000.0,W
3,21.414848718225613,0.0,1200.0,1000.0,T
3,31.8219061526998,-30.0,0.0,2.0,D
3,33.071906152699796,-20.0,0.0,2.0,T
3,43.47789588084302,0.0,1200.0,1000.0,W
3,108.7561857893543,0.0,1200.0,1000.0,T
3,119.16153484111075,10.0,0.0,2.0,D
3,120.41153484111075,20.0,0.0,2.0,T
3,130.81752456925398,0.0,1200.0,1000.0,W
3,152.75200328563977,0.0,1200.0,1000.0,T
3,163.15906072011396,30.0,0.0,2.0,D
3,164.40906072011396,40.0,0.0,2.0,T
3,174.81761275944947,0.0,1200.0,1000.0,W
