robot_id,time_s,x_mm,y_mm,z_mm,mode
1,0.0,-1000.0,-600.0,1000.0,T
1,10.061155224150179,-40.0,0.0,2.0,D
1,12.561155224150179,-20.0,0.0,2.0,T
1,22.70764668124454,-1000.0,-600.0,1000.0,T
1,32.854138138338904,-20.0,0.0,2.0,D
1,35.354138138338904,0.0,0.0,2.0,T
1,45.58699154728056,-1000.0,-600.0,1000.0,T
1,55.81984495622222,0.0,0.0,2.0,D
1,58.31984495622222,20.0,0.0,2.0,T
1,68.64006028558646,-1000.0,-600.0,1000.0,T
1,78.96027561495069,20.0,0.0,2.0,D
1,81.46027561495069,40.0,0.0,2.0,T
1,91.8688276542862,-1000.0,-600.0,1000.0,W
2,0.0,1000.0,-600.0,1000.0,W
2,91.8688276542862,1000.0,-600.0,1000.0,W
3,0.0,0.0,1200.0,1000.0,W
3,91.8688276542862,0.0,1200.0,1000.0,W
